label	page
sec-related-historico-sistemas-nacionais-e-construcao-do-sus	23
sec-related-organizacao-criterios-de-organizacao	34
sec-related-eventos-do-problema-de-saude-ao-evento-registrado	52
sec-related-introducao-sistemas-contextos-e-usos	18
sec-related-organizacao-sistemas-como-fluxos-de-registro	36
sec-related-interoperabilidade-aplicacao-aos-sis	448
sec-related-eventos-relacao-entre-eventos-e-perguntas-de-analise	63
sec-related-historico-marcos-de-criacao-dos-principais-sistemas	24
sec-related-organizacao-como-escolher-o-sistema	48
sec-related-sim-causa-basica-do-obito	77
sec-related-sinan-definicoes-de-caso	167
sec-related-eventos-obitos	60
sec-related-cid-mortalidade-e-morbidade	386
sec-related-sinasc-uso-como-denominador	108
sec-related-eventos-nascimentos	60
sec-related-sim-exemplo-mortalidade-infantil	82
sec-related-cid-cid-nos-sistemas-brasileiros	385
sec-related-eventos-internacoes	59
sec-related-sia-sia-e-sih	138
sec-related-cnes-exemplo-cnes-sih	203
sec-related-eventos-procedimentos-ambulatoriais	58
sec-related-sih-sih-e-sia	115
sec-related-cnes-relacionamento-com-outros-sistemas	207
sec-related-eventos-casos-de-doencas-e-agravos	57
sec-related-sivep-sivep-gripe	425
sec-related-interoperabilidade-etapas-de-um-linkage	452
sec-related-organizacao-sistemas-cadastrais-financeiros-e-de-gestao	39
sec-related-sih-exemplo-fluxos-de-internacao	123
sec-related-sisaps-exemplo-sisaps-cnes	303
sec-related-organizacao-niveis-geograficos	42
sec-related-cnes-geocodificacao-e-analise-espacial	204
sec-related-eventos-denominadores-e-indicadores	61
sec-related-pop-escolha-do-denominador	403
sec-related-cnes-cnes-como-denominador	210
sec-related-eventos-imunizacoes	61
sec-related-rnds-modelos-de-informacao	345
sec-related-interoperabilidade-o-que-e-interoperabilidade	447
sec-related-organizacao-integracao-entre-sistemas	47
sec-related-sipni-privacidade-e-dados-individualizados	330
sec-related-sim-codificacao-pela-cid	79
sec-related-sih-diagnostico-procedimento-e-valores	121
sec-related-pop-fontes-de-estimativas	401
sec-related-sisaps-qual-denominador-usar	297
sec-related-sipni-cobertura-vacinal-e-denominadores	324
sec-related-sinan-sinan-e-sivep	181
sec-related-sisagua-monitoramento-em-emergencias	249
sec-related-sisaps-exemplo-producao-da-aps	302
sec-related-organizacao-cobertura-todo-o-territorio-sus-e-saude-suplementar	41
sec-related-cnes-rede-sus-privada-filantropica-e-suplementar	209
sec-related-interoperabilidade-dados-publicos-e-bases-institucionais	454
sec-related-rnds-fhir-terminologias-e-semantica	347
sec-related-eventos-relacionamento-entre-sistemas	62
sec-related-ans-integracao-com-dados-dos-sis	442
sec-related-sia-exemplo-producao-de-mamografias	144
sec-related-interoperabilidade-relacionamento-deterministico	450
sec-related-siscan-integracao-com-sia-sus-cnes-e-cadsus	224
sec-related-siscan-painel-oncologia	225
sec-related-siscan-quando-usar-o-siscan	218
sec-related-sinan-relacionamento-com-outros-sistemas	181
sec-related-ans-coberturas-que-nao-sao-equivalentes	442
sec-related-inqueritos-inqueritos-e-sistemas-de-informacao	408
sec-related-inqueritos-pesos-desenho-e-variancia	418
sec-related-inqueritos-viva-sistema-e-inquerito	415
sec-related-inqueritos-vigitel	413
