APRESENTADORA	[curious] Vamos começar com uma cena bem comum. Alguém abre duas bases sobre dengue, compara os números e diz: tem alguma coisa errada. O SINAN mostra um volume, o SIH mostra outro, o SIM outro. A primeira reação é desconfiar dos dados. Mas, neste episódio, eu queria propor outra pergunta: será que essas bases estavam tentando contar... a mesma coisa?
ESTUDANTE	[excited] Essa é uma boa entrada. Porque, olhando de fora... parece tudo dengue. Então a expectativa é que os números conversem diretamente.
APRESENTADORA	[excited] Pois é. E é aí que começa o capítulo sobre eventos de saúde. Os Sistemas de Informação em Saúde não registram uma doença como uma entidade abstrata. Eles registram ocorrências delimitadas: uma notificação, uma consulta, um procedimento, uma internação, um nascimento, um óbito... uma dose de vacina. Cada ocorrência tem tempo, lugar, documento, regra... e unidade de análise.
ESTUDANTE	[engaged] Então a pergunta deixa de ser “qual sistema tem dengue?” e passa a ser “qual evento relacionado à dengue eu quero observar?”.
APRESENTADORA	[excited] Exatamente. Essa troca parece pequena, mas muda todo o desenho da análise. Uma pessoa com dengue pode sentir sintomas, procurar atendimento, ser notificada como caso suspeito, fazer exame, ser internada se o quadro agravar e, em uma situação extrema, evoluir para óbito. Esses momentos pertencem à mesma história clínica — mas podem aparecer em sistemas diferentes.
ESTUDANTE	[thoughtful] E não são cópias imperfeitas da mesma informação. São pedaços diferentes da trajetória.
APRESENTADORA	[excited] Perfeito. O SIA pode registrar atendimentos, exames e procedimentos ambulatoriais. O SINAN pode registrar a suspeita, a investigação, a confirmação ou o descarte. O SIH registra internações financiadas pelo SUS. O SIM registra óbitos. Quando esses números não são iguais... isso não é necessariamente erro. Pode ser simplesmente porque cada sistema está olhando para um evento diferente.
ESTUDANTE	[curious] Então o primeiro ato da análise é quase narrativo: reconstruir o caminho que o problema pode produzir.
APRESENTADORA	[curious] Gosto dessa palavra. É narrativo mesmo, no bom sentido. Antes de abrir a planilha, vale desenhar a história possível: o que acontece com a pessoa, com o serviço, com a vigilância e com o registro. A partir daí, perguntamos: qual parte dessa história ficou documentada? Em qual sistema? Com qual finalidade?
ESTUDANTE	[excited] Parece quase uma investigação. Antes de calcular, eu preciso descobrir que tipo de rastro aquele evento deixou.
APRESENTADORA	[excited] Exatamente. Pense em uma mesa de trabalho com várias fichas em cima. Uma ficha veio da vigilância epidemiológica. Outra veio do faturamento ambulatorial. Outra veio de uma autorização de internação. Outra veio de uma declaração de óbito. Todas podem se relacionar ao mesmo tema, mas cada uma foi criada por uma rotina diferente. Se eu junto tudo sem perguntar de onde veio... eu perco o sentido de cada rastro.
ESTUDANTE	[curious] Isso também muda o jeito de ler uma tabela simples, não muda?
APRESENTADORA	[excited] Muda bastante. Uma tabela que relaciona pergunta, evento e sistema não é apenas um resumo didático. Ela é um mapa de decisão. Se a pergunta é sobre suspeita ou confirmação de doença de notificação, o caminho natural passa pelo SINAN. Se é sobre exame, atendimento ou procedimento, olhamos para o SIA. Se é sobre hospitalização no SUS, o SIH. Se é sobre morte, o SIM. Se é sobre nascimento, o SINASC. Se é sobre vacinação, o SI-PNI.
ESTUDANTE	[curious] E a tabela não diz “use sempre este sistema”, mas “comece por entender este tipo de evento”.
APRESENTADORA	[excited] Isso. Ela aponta o lugar provável, mas a análise ainda precisa conferir cobertura, campos disponíveis, período, versão da base e unidade de análise. Em saúde pública, a mesma palavra pode esconder perguntas muito diferentes. “Dengue”, por exemplo, pode significar transmissão, demanda por atendimento, exames realizados, casos graves, mortes, distribuição territorial ou pressão sobre a rede. Cada uma dessas perguntas pede uma entrada diferente.
ESTUDANTE	[curious] Isso ajuda a evitar uma armadilha: contar registros como se fossem pessoas.
APRESENTADORA	[sighs] Uma das armadilhas mais frequentes. Um evento de saúde nem sempre equivale a uma pessoa. No SIA, a unidade pode ser o procedimento. Uma pessoa pode fazer vários exames. No SIH, a unidade operacional é a AIH, e uma pessoa pode ter mais de uma autorização em momentos diferentes. No SINAN, um registro pode ser uma suspeita que depois será descartada. No SIM, cada registro corresponde a um óbito.
ESTUDANTE	[thoughtful] Ou seja: “quantos registros existem?” não é a mesma pergunta que “quantas pessoas tiveram o problema?”.
APRESENTADORA	[sighs] Exato. Às vezes as duas respostas se aproximam. Em outras situações, ficam bem distantes. A equivalência depende do sistema, do instrumento e da pergunta. Por isso, antes de contar, precisamos definir a unidade de análise: pessoa, evento, procedimento, autorização, documento ou episódio de cuidado.
ESTUDANTE	[curious] E tem uma segunda camada: o evento acontece em um momento, mas o dado aparece depois.
APRESENTADORA	[calm] Sim. Entre a ocorrência e o dado analisável existe um caminho. O evento acontece. Depois vem o registro inicial, a ficha, a declaração ou a autorização. Pode haver investigação, crítica, validação, digitação, envio, consolidação e só então disseminação. Cada etapa pode ter uma data própria.
ESTUDANTE	[curious] Então data de início de sintomas, data de notificação e data de digitação contam histórias diferentes.
APRESENTADORA	[calm] Contam. A data de sintomas se aproxima do início clínico. A data de atendimento mostra quando a pessoa chegou ao serviço. A data de notificação mostra quando o sistema tomou conhecimento. A data de digitação informa parte do fluxo administrativo. Em uma epidemia, trocar uma pela outra pode mudar a curva e a interpretação da urgência.
ESTUDANTE	[curious] É por isso que bases recentes podem mudar depois?
APRESENTADORA	[sighs] Também. Dados preliminares são úteis porque chegam mais cedo, mas ainda podem receber registros atrasados, correções, investigações e consolidação. Em vigilância, esse atraso é parte do fenômeno informacional. Em períodos de surto ou desastre, ele pode aumentar porque as equipes estão atendendo, investigando, preenchendo e digitando ao mesmo tempo.
ESTUDANTE	[curious] Então um painel atualizado diariamente pode ser ótimo para acompanhar uma situação, mas perigoso para concluir tendência definitiva.
APRESENTADORA	[excited] Essa é uma ótima forma de colocar. Um painel oportuno serve para ação rápida, alerta, mobilização de equipe, comunicação e gestão de risco. Já uma série consolidada serve melhor para avaliação, comparação histórica e produção de indicadores estáveis. O problema aparece quando usamos uma fonte feita para oportunidade como se fosse uma fonte definitiva, ou quando esperamos de uma base consolidada a velocidade de um painel de emergência.
ESTUDANTE	[thoughtful] É como se cada etapa do ciclo tivesse uma função. Ocorrência, registro, investigação, digitação, consolidação, disseminação.
APRESENTADORA	[sighs] Sim. E cada etapa pode introduzir diferenças. Um óbito, por exemplo, depende da Declaração de Óbito, da codificação da causa e da consolidação da base. Uma doença de notificação depende da ficha, da investigação e da classificação final. Um procedimento ambulatorial depende da produção registrada e das regras do sistema. O dado final carrega a história desse percurso.
ESTUDANTE	[curious] Isso me faz pensar em uma curva que cai nos últimos dias. Às vezes parece que o problema diminuiu, mas pode ser só atraso de digitação.
APRESENTADORA	[sighs] Exatamente. Em séries recentes, os últimos pontos costumam ser os mais instáveis. Se eu olho para data de notificação, posso ver o ritmo de entrada no sistema. Se olho para data de início de sintomas, tento me aproximar da ocorrência clínica, mas preciso lidar com atraso de registro. Se olho para data de digitação, avalio mais o fluxo administrativo do que o início do problema. Nenhuma dessas datas é “a verdade” sozinha. Cada uma responde a uma pergunta.
ESTUDANTE	[curious] Então a escolha da data deveria aparecer no método, não ficar escondida no código.
APRESENTADORA	[excited] Com certeza. Escolher a data é uma decisão substantiva. Ela precisa ser declarada porque altera a curva, o denominador temporal e a interpretação. Em epidemias, isso pode mudar até o momento em que uma equipe decide intensificar vigilância, abrir leitos ou comunicar risco.
ESTUDANTE	[curious] Agora eu entendo melhor por que o capítulo insiste tanto em território. Residência, atendimento, notificação e infecção não são a mesma coisa.
APRESENTADORA	[sighs] Esse ponto é crucial. Imagine uma pessoa que mora no Rio de Janeiro, se infecta por malária no Oiapoque e procura atendimento em Belém. O município de residência, o local provável de infecção e o município de notificação são três lugares diferentes. Cada um serve para uma pergunta. Risco para a população residente? Transmissão local? Organização da rede de atendimento? O campo territorial escolhido precisa acompanhar a pergunta.
ESTUDANTE	[curious] E aí entram os termos autóctone e alóctone.
APRESENTADORA	[calm] Isso. Um caso autóctone provavelmente se infectou no território analisado. Um caso alóctone provavelmente se infectou em outro território. Essa distinção muda a leitura de mapas, surtos e prioridades de resposta. Sem ela, podemos atribuir transmissão a um lugar que apenas notificou ou atendeu o caso.
ESTUDANTE	[curious] Vamos voltar para dengue, porque agora a trajetória está mais clara. Se eu uso SINAN, estou vendo suspeitas e classificações. Se uso SIH, estou olhando uma parte mais grave, que chegou à internação no SUS. Se uso SIM, estou no desfecho fatal.
APRESENTADORA	[excited] Exatamente. E a curva de cada sistema pode ter um formato diferente. Notificações respondem à transmissão, mas também à sensibilidade da vigilância e às regras de caso. Internações refletem gravidade, acesso e disponibilidade hospitalar. Óbitos dependem da ocorrência da morte, do preenchimento da Declaração de Óbito, da codificação da causa e da consolidação da base.
ESTUDANTE	[curious] Então comparar essas curvas pode ser útil, desde que eu não finja que elas medem a mesma coisa.
APRESENTADORA	[excited] Essa é a chave. Elas dialogam, mas não substituem umas às outras. O bom uso dos SIS começa quando preservamos a diferença entre os eventos.
ESTUDANTE	[curious] Dá para imaginar uma reunião em que alguém coloca três gráficos na tela: notificações, internações e óbitos por dengue. O que seria uma leitura cuidadosa?
APRESENTADORA	[calm] Eu começaria perguntando o que cada gráfico está mostrando. Se as notificações sobem primeiro, isso pode indicar aumento de suspeitas e circulação da doença, mas também pode indicar maior procura por atendimento ou vigilância mais sensível. Se as internações sobem depois, talvez estejamos vendo uma fração mais grave do processo, ou mudança de acesso hospitalar, ou maior capacidade de registro. Se os óbitos sobem, estamos em outro nível de gravidade e precisamos olhar causa básica, município de residência, município de ocorrência e consolidação da base.
ESTUDANTE	[curious] E se as notificações sobem, mas as internações não?
APRESENTADORA	[sighs] Pode haver várias hipóteses. Talvez a circulação tenha aumentado, mas a maioria dos casos seja leve. Talvez a rede ambulatorial esteja captando melhor. Talvez os critérios de notificação tenham mudado. Talvez ainda haja atraso até aparecerem internações. O ponto é que o dado abre perguntas, não fecha automaticamente uma explicação.
ESTUDANTE	[curious] E se as internações sobem sem grande aumento de notificações?
APRESENTADORA	[sighs] Aí eu pensaria em subnotificação, atraso no SINAN, diferença territorial entre onde a pessoa mora e onde interna, mudança na rede hospitalar ou seleção de códigos diagnósticos. Também avaliaria se estamos olhando o mesmo período, o mesmo território e o mesmo conceito de caso. O arco da análise é sempre esse: evento, sistema, tempo, território... e unidade de análise.
ESTUDANTE	[thoughtful] Isso deixa a conversa mais humilde. Em vez de dizer “o dado prova”, eu digo “o dado sugere, dentro destes limites”.
APRESENTADORA	[thoughtful] E essa humildade é força metodológica, não fraqueza. Ela permite usar melhor as bases. O contrário seria comparar números incompatíveis e produzir uma conclusão muito segura sobre uma pergunta mal formulada.
ESTUDANTE	[curious] E o exemplo do acidente de trânsito funciona do mesmo jeito?
APRESENTADORA	[excited] Funciona muito bem. Um acidente pode gerar atendimento ambulatorial, internação por lesão, óbito por causa externa e uso de serviços específicos. No SIA, podemos observar produção de cuidado. No SIH, internações e permanência hospitalar. No SIM, mortalidade por acidentes de transporte. No CNES, a estrutura dos serviços envolvidos.
ESTUDANTE	[curious] Mas, nesse caso, ainda tem a diferença entre lesão e circunstância externa.
APRESENTADORA	[calm] Sim. A lesão descreve o dano: fratura, traumatismo, queimadura. A causa externa descreve a circunstância: atropelamento, colisão, queda, agressão. Para estudos de violência e acidentes, essa diferença é central. Se a base só informa a lesão, talvez eu saiba que houve uma fratura, mas não necessariamente como ela aconteceu.
ESTUDANTE	[thoughtful] Isso torna a análise mais honesta. A base pode ser boa para uma pergunta e limitada para outra.
APRESENTADORA	[excited] Exatamente. O objetivo não é descartar sistemas, mas entender o que cada um permite afirmar.
ESTUDANTE	[curious] E quando falamos de casos de doenças e agravos, o SINAN tem uma lógica própria, certo?
APRESENTADORA	[calm] Tem. O SINAN é central para a vigilância, mas ele não registra apenas casos confirmados. Muitas vezes o registro começa com uma suspeita. Depois da investigação, o caso pode ser confirmado, descartado, inconclusivo ou permanecer em acompanhamento. Por isso, uma análise precisa declarar se está contando notificações, casos confirmados, prováveis, descartados ou registros ainda sem encerramento.
ESTUDANTE	[curious] E o momento da extração importa, porque a classificação pode mudar.
APRESENTADORA	[sighs] Importa muito. Uma base extraída hoje pode ter mais casos em investigação. Uma base consolidada depois pode ter classificações finais. A pergunta define se precisamos de oportunidade ou estabilidade.
ESTUDANTE	[curious] Isso explica por que, em algumas análises, aparece uma coluna de classificação final e outra de evolução. Elas são parte do caminho do caso.
APRESENTADORA	[calm] Sim. No SINAN, dependendo do agravo, uma ficha pode trazer dados da pessoa, residência, local de notificação, local provável de infecção, datas importantes, critério de confirmação, classificação final e evolução. Cada campo ajuda a responder uma pergunta diferente. O erro é tratar a ficha como se todos os campos tivessem o mesmo peso ou como se estivessem completos no mesmo momento.
ESTUDANTE	[curious] Então, se eu quero incidência, preciso saber se estou contando suspeitos, confirmados ou prováveis.
APRESENTADORA	[excited] Exatamente. E precisa justificar. Em uma situação de emergência, contar casos prováveis pode ser adequado para resposta rápida. Em uma análise retrospectiva, talvez faça sentido usar classificação final. Em outro contexto, o interesse pode ser justamente o volume de suspeitas que chega ao serviço, porque isso mede demanda e sensibilidade da vigilância.
ESTUDANTE	[curious] E o território entra de novo. Um caso pode ser notificado em um lugar, residir em outro e ter se infectado em um terceiro.
APRESENTADORA	[thoughtful] Sim, e isso muda a ação. Se estou planejando assistência, talvez o município de atendimento seja relevante. Se estou avaliando risco para a população, residência pode ser central. Se estou investigando transmissão, local provável de infecção é decisivo. Quando misturamos esses campos, podemos deslocar a responsabilidade territorial.
ESTUDANTE	[curious] Por exemplo, um município com hospital regional pode parecer ter muitos casos se eu usar atendimento, mesmo recebendo pessoas de vários lugares.
APRESENTADORA	[excited] Exatamente. E o inverso também acontece: municípios pequenos podem ter poucos registros de atendimento local, mas muitos residentes atendidos fora. Por isso, uma análise espacial precisa escolher o campo territorial de acordo com a pergunta e explicar a escolha.
ESTUDANTE	[thoughtful] Essa é uma parte em que o dado administrativo encontra a geografia real do cuidado.
APRESENTADORA	[laughs] Bonita formulação. Os sistemas registram eventos em fluxos concretos: pessoas se deslocam, serviços concentram oferta, laboratórios recebem amostras, hospitais regionais atendem vários municípios, vigilâncias municipais notificam casos de pessoas que moram ou se infectaram em outros lugares. O dado carrega esses deslocamentos.
ESTUDANTE	[curious] Vamos passar pelos outros eventos do capítulo. Procedimentos ambulatoriais, por exemplo.
APRESENTADORA	[calm] Procedimentos ambulatoriais são muito úteis para entender produção, oferta, acesso a exames e funcionamento da rede SUS. Mas, no SIA, procedimento não é sinônimo de pessoa atendida. Maior produção pode indicar maior necessidade, maior oferta, melhor registro, expansão de acesso ou tudo isso junto.
ESTUDANTE	[curious] Internações também têm essa dupla leitura, assistencial e administrativa.
APRESENTADORA	[calm] Sim. No SIH, a AIH organiza a informação da internação e também tem finalidade administrativa. Ao analisar internações, precisamos olhar diagnóstico, procedimento autorizado, estabelecimento, residência, local de internação e tempo de permanência. E lembrar sempre: o SIH registra internações financiadas pelo SUS, não todas as internações do país.
ESTUDANTE	[curious] No SIM, o evento é mais delimitado: um óbito.
APRESENTADORA	[sighs] Mais delimitado, mas ainda complexo. O óbito tem residência, ocorrência, idade, sexo, raça ou cor e causa de morte. A causa básica é a doença, agravo ou circunstância que iniciou a cadeia que levou à morte. Em causas externas, por exemplo, não basta registrar a lesão final; importa a circunstância que produziu aquela lesão.
ESTUDANTE	[curious] E nos nascimentos, o SINASC entra como evento e como denominador.
APRESENTADORA	[excited] Exatamente. O SINASC registra nascidos vivos e informações sobre gravidez, parto, recém-nascido e pessoa gestante. Ele também é base para indicadores materno-infantis. Mortalidade infantil, por exemplo, usa óbitos de menores de um ano no SIM e nascidos vivos no SINASC. Se o denominador estiver mal escolhido, o indicador fica distorcido.
ESTUDANTE	[curious] Vacinação tem uma confusão parecida: dose, pessoa, esquema e cobertura.
APRESENTADORA	[excited] Ótimo exemplo. Uma dose aplicada é um evento. Uma pessoa vacinada é outra unidade de análise. Um esquema completo combina eventos esperados. E cobertura vacinal é uma razão entre registros e população-alvo. Em calendários com múltiplas doses e reforços, misturar esses níveis pode gerar conclusões ruins.
ESTUDANTE	[curious] Então denominador é parte da história, não só um detalhe da fórmula.
APRESENTADORA	[excited] Sim. Indicadores precisam de numerador, denominador, período, território, população de referência e regra de inclusão. Óbitos de residentes devem ser comparados com população residente. Óbitos infantis com nascidos vivos do mesmo recorte. Procedimentos realizados em um município não devem ser divididos automaticamente pela população residente se aquele serviço atende pessoas de outros municípios.
ESTUDANTE	[curious] Vamos detalhar a mortalidade infantil. Por que ela é um bom exemplo?
APRESENTADORA	[calm] Porque ela combina eventos diferentes de forma muito clara. O numerador são óbitos de menores de um ano, registrados no SIM. O denominador são nascidos vivos, registrados no SINASC. O indicador só faz sentido se esses eventos estiverem compatíveis em território e período. Se uso óbitos por residência, o denominador deve ser nascidos vivos de residentes. Se misturo ocorrência com residência, posso distorcer municípios que concentram maternidades ou hospitais.
ESTUDANTE	[thoughtful] Então até um indicador clássico depende de uma costura entre sistemas.
APRESENTADORA	[sighs] Depende, e essa costura precisa ser visível. Além disso, a mortalidade infantil exige distinguir óbito fetal de óbito infantil. Se houve sinal de vida, há nascimento vivo e, se a criança morre depois, há óbito infantil. Se não houve sinal de vida, estamos falando de óbito fetal, com outra interpretação. Essa diferença muda numerador, denominador e análise da atenção ao pré-natal, parto e recém-nascido.
ESTUDANTE	[curious] E cobertura vacinal?
APRESENTADORA	[sighs] A cobertura vacinal parece simples, mas também exige cuidado. O numerador pode ser doses aplicadas. O denominador é a população-alvo. Mas uma dose aplicada não é necessariamente uma pessoa com esquema completo. Se a vacina exige mais de uma dose, ou se há reforços, precisamos saber qual evento está sendo contado. Uma campanha, uma dose de rotina e uma dose de reforço podem aparecer no sistema, mas respondem a perguntas diferentes.
ESTUDANTE	[curious] Então uma cobertura acima de cem por cento não significa automaticamente que está tudo perfeito.
APRESENTADORA	[sighs] Não. Pode indicar vacinação de pessoas fora da população estimada, erro no denominador, população flutuante, registros duplicados, atualização populacional inadequada ou busca ativa em grupos que não coincidem com a estimativa usada. De novo, o indicador é uma conversa entre numerador e denominador. Quando essa conversa não é coerente, o número fica bonito, mas a interpretação fica frágil.
ESTUDANTE	[curious] Isso vale também para taxas de internação?
APRESENTADORA	[sighs] Vale. Se conto internações por local de atendimento e divido pela população residente daquele município, posso transformar um polo regional em um lugar aparentemente muito adoecido. Para medir risco da população residente, uso internações de residentes. Para medir carga sobre a rede local, uso local de internação. As duas medidas podem ser importantes, mas respondem a perguntas diferentes.
ESTUDANTE	[curious] Em algum momento, parece inevitável relacionar sistemas.
APRESENTADORA	[calm] Muitas perguntas exigem isso. SIM e SINASC para mortalidade infantil. SINAN e SIM para desfechos fatais entre notificados. SINAN e SIH para internações após notificação. SIA, SIH e CNES para relacionar produção e estrutura da rede. Mas relacionamento de bases exige cuidado com privacidade, identificadores, perdas de pareamento, duplicidades e diferenças temporais.
ESTUDANTE	[curious] E mesmo depois de relacionar, cada registro continua tendo sua origem e sua lógica.
APRESENTADORA	[calm] Isso é fundamental. Relacionar não é apagar diferenças. Um nascimento, uma internação e um óbito continuam sendo eventos distintos, produzidos por sistemas diferentes. O relacionamento amplia a análise, mas não transforma tudo em uma base única sem contexto.
ESTUDANTE	[curious] E tem também a questão ética, certo? Porque relacionar bases pode aproximar eventos de uma mesma pessoa.
APRESENTADORA	[excited] Sim. Mesmo quando os dados são usados para fins legítimos de saúde pública, relacionamento de bases exige responsabilidade. É preciso observar regras de acesso, sigilo, minimização de dados, justificativa da finalidade e proteção contra identificação indevida. Quanto mais detalhado o pareamento, maior o cuidado necessário.
ESTUDANTE	[curious] Do ponto de vista metodológico, o que pode dar errado no pareamento?
APRESENTADORA	[sighs] Muita coisa. Campos identificadores podem estar incompletos, nomes podem ter grafias diferentes, datas podem estar erradas, municípios podem ter mudado, registros podem estar duplicados, e nem todo evento esperado aparece na outra base. Quando um registro não pareia, isso não é apenas uma falha técnica. Pode revelar subregistro, diferença de fluxo, erro de preenchimento ou limite do método.
ESTUDANTE	[curious] Então os não pareados também contam uma história.
APRESENTADORA	[thoughtful] Contam. Em vez de esconder perdas de pareamento, uma boa análise descreve quantos registros foram pareados, quantos ficaram sem correspondência, quais critérios foram usados e se as perdas se concentram em algum território, período ou perfil. Isso ajuda a avaliar viés.
ESTUDANTE	[thoughtful] Dá para dizer que relacionar sistemas aumenta o poder da pergunta, mas também aumenta a responsabilidade da análise.
APRESENTADORA	[excited] Exatamente. Uma base isolada já exige cuidado. Bases relacionadas exigem ainda mais clareza conceitual, porque a tentação de transformar tudo em uma grande tabela única é grande. Só que a grande tabela não elimina a história dos registros. Ela apenas coloca essas histórias lado a lado.
ESTUDANTE	[curious] Se eu tivesse que levar uma regra mental deste episódio, qual seria?
APRESENTADORA	[calm] Eu diria assim: antes de perguntar “qual base eu uso?”, pergunte “qual evento eu quero observar?”. Depois, pergunte “qual é a unidade de análise?”, “qual data representa minha pergunta?”, “qual território faz sentido?”, “qual cobertura essa fonte tem?” e “qual denominador é coerente?”.
ESTUDANTE	[laughs] Parece um checklist simples, mas evita muitos tropeços.
APRESENTADORA	[excited] Evita mesmo. Erros comuns vêm de tratar procedimentos como pessoas; notificações como casos confirmados; internações SUS como todas as internações; município de atendimento como residência; ou dados preliminares como consolidados.
ESTUDANTE	[engaged] Eu percebo que quase todos esses erros têm a mesma raiz: pular a etapa de traduzir a pergunta em evento.
APRESENTADORA	[sighs] Sim. Quando pulamos essa etapa, escolhemos a base pelo tema geral e não pelo fenômeno registrado. Aí fica fácil usar data de notificação como se fosse data de sintomas, contar procedimentos como se fossem pessoas, somar suspeitos e confirmados sem distinção, comparar uma base preliminar com outra consolidada ou usar o município de atendimento como se fosse o município de risco.
ESTUDANTE	[thoughtful] Então talvez o checklist não seja burocrático. Ele é uma proteção contra conclusões apressadas.
APRESENTADORA	[excited] Exatamente. Eu gosto de pensar nele como uma conversa curta antes da análise. Primeira pergunta: o que estou chamando de evento? Segunda: qual sistema registra esse evento? Terceira: qual é a unidade de análise? Quarta: qual data e qual território representam melhor minha pergunta? Quinta: a cobertura da base combina com o que quero afirmar? Sexta: o denominador está no mesmo universo do numerador?
ESTUDANTE	[curious] E se alguma resposta ficar incerta?
APRESENTADORA	[thoughtful] A incerteza deve aparecer no texto. Não precisamos fingir precisão onde a fonte não permite. Podemos dizer que a base aproxima uma dimensão do problema, que cobre a rede SUS, que reflete casos notificados, que depende de dados preliminares, que pode ter atraso ou que exige cautela territorial. Isso não enfraquece a análise. Pelo contrário, torna a interpretação mais transparente.
ESTUDANTE	[curious] Isso também ajuda quem vai ler ou reproduzir o estudo.
APRESENTADORA	[excited] Ajuda muito. Um bom texto analítico não apresenta apenas resultados. Ele explica como os registros foram transformados em evidência. Em Sistemas de Informação em Saúde, essa passagem é essencial: do evento ao registro; do registro à base; da base ao indicador; do indicador à interpretação.
ESTUDANTE	[thoughtful] Então os sistemas de informação não são depósitos neutros de números. Eles são registros de eventos, produzidos por instituições e rotinas concretas.
APRESENTADORA	[excited] Exatamente. E quando entendemos isso, os dados deixam de ser uma coleção de tabelas soltas e passam a contar uma história mais precisa: o que aconteceu, onde foi registrado, por quem, com qual finalidade e com quais limites. Esse é o ponto de partida para analisar os Sistemas de Informação em Saúde com rigor.
ESTUDANTE	[curious] Gostei. Da próxima vez que dois números não baterem, antes de dizer que um está errado, eu vou perguntar: eles estão contando o mesmo evento?
APRESENTADORA	[excited] Essa pergunta já muda metade da análise. Até o próximo episódio.
