APRESENTADORA	[warmly] Olá... Neste episódio, a gente vai fazer uma viagem pela história dos Sistemas de Informação em Saúde no Brasil. Mas não como uma linha do tempo decorada. A pergunta é outra: por que os nossos sistemas são do jeito que são?
ESTUDANTE	[curious] Então a ideia não é só lembrar datas, tipo 1975, 1988, 1991...
APRESENTADORA	[calm] Exato. As datas ajudam, mas o mais importante é entender o caminho. Os SIS brasileiros não nasceram de uma arquitetura única, toda planejada de uma vez. Eles foram surgindo aos poucos, em resposta a problemas diferentes.
ESTUDANTE	[engaged] Registro civil, vigilância, assistência, financiamento, gestão...
APRESENTADORA	[warmly] Isso. Cada sistema carrega marcas do momento em que foi criado: as normas, os formulários, os fluxos, a tecnologia disponível e o uso administrativo ou sanitário que motivou sua implantação.
ESTUDANTE	[curious] Então conhecer a história ajuda a não tratar todas as bases como se fossem iguais.
APRESENTADORA	[thoughtful] Perfeito. A história vira uma ferramenta de interpretação.
ESTUDANTE	[curious] Por onde a gente começa?
APRESENTADORA	[calm] Pelo começo mais concreto possível: nascimentos e óbitos. Antes de falar em bases nacionais, painéis ou microdados, o país precisava responder perguntas básicas. Quem nasceu? Quem morreu? Onde? Quando?
ESTUDANTE	[engaged] Parece simples, mas imagino que não fosse.
APRESENTADORA	[warmly] Não era. Ainda no período colonial já existia preocupação com esses registros, mas a produção era fragmentada. Havia desigualdade de acesso, baixa padronização e muita dependência de instituições locais.
ESTUDANTE	[curious] Então o problema não era só técnico. Era institucional e territorial.
APRESENTADORA	[calm] Exatamente. Se uma parte da população não consegue registrar nascimento ou óbito, o dado já nasce desigual. E isso afeta qualquer estatística que venha depois.
ESTUDANTE	[engaged] A regulamentação do Registro Civil em 1973 entra aí?
APRESENTADORA	[warmly] Entra como marco importante. A lei de 1973 atribuiu ao IBGE a responsabilidade pela produção de estatísticas do Registro Civil. Isso ajudou a organizar informações sobre nascimentos, casamentos e óbitos.
ESTUDANTE	[curious] Mas a lei, sozinha, não resolvia o acesso ao registro.
APRESENTADORA	[thoughtful] Não. Havia cobrança por registros, distância até cartórios e desigualdades territoriais. Tudo isso contribuía para subnotificação e para a existência de muitas pessoas sem registro civil.
ESTUDANTE	[engaged] Ou seja, havia uma população que existia na vida, mas não aparecia direito no Estado.
APRESENTADORA	[calm] Essa é uma forma forte, mas precisa, de colocar. E para melhorar as estatísticas vitais, foi necessário aproximar a coleta do local onde os eventos aconteciam.
ESTUDANTE	[curious] Maternidades, hospitais, serviços de saúde...
APRESENTADORA	[warmly] Sim. Esses lugares passaram a ser pontos estratégicos. O setor saúde se aproximou dos registros vitais porque estava perto dos nascimentos, dos óbitos e de outros eventos de interesse sanitário.
ESTUDANTE	[engaged] Aí entram a Declaração de Óbito e a Declaração de Nascido Vivo.
APRESENTADORA	[calm] Exatamente. Esses documentos fazem uma ponte. No caso dos óbitos, a Declaração de Óbito liga o serviço de saúde ao processo de emissão da certidão no Registro Civil. No caso dos nascimentos, a Declaração de Nascido Vivo cumpre papel parecido.
ESTUDANTE	[curious] Então o mesmo documento tem uma vida administrativa e uma vida epidemiológica.
APRESENTADORA	[warmly] Ótima síntese. Ele ajuda a família, ajuda o cartório, ajuda a secretaria de saúde e, depois, ajuda a produzir estatísticas públicas.
ESTUDANTE	[engaged] Isso explica por que padronizar formulário é tão importante.
APRESENTADORA	[calm] Sim. Sem modelos nacionais, definições comuns e fluxos estabelecidos, cada lugar registra de um jeito. E quando cada lugar registra de um jeito, comparar municípios, estados e períodos vira um problema.
ESTUDANTE	[curious] Padronizar não é burocracia pela burocracia.
APRESENTADORA	[thoughtful] Não. É uma condição para transformar milhares de eventos locais em dados comparáveis em escala nacional.
ESTUDANTE	[engaged] E os eventos são complexos. Um óbito não é só "morreu".
APRESENTADORA	[warmly] Exato. Um óbito envolve causa básica, causas associadas, local de ocorrência, município de residência, idade, sexo, raça ou cor e circunstâncias. Uma internação, uma notificação e uma vacinação também têm campos, classificações e rotinas próprias.
ESTUDANTE	[curious] Quando começam os sistemas nacionais?
APRESENTADORA	[calm] Entre as décadas de 1970 e 1980. Nesse período, aparecem os primeiros sistemas nacionais de informação em saúde. O SIM é criado em 1975. O Programa Nacional de Imunizações também nasce nesse contexto. E começam a se organizar bases ligadas à produção assistencial.
ESTUDANTE	[engaged] Também houve uma reunião nacional sobre sistemas de informação, certo?
APRESENTADORA	[warmly] Sim. Em 1975 ocorreu a primeira Reunião Nacional sobre Sistemas de Informação em Saúde. Esse momento é interessante porque mostra uma mudança de mentalidade: os dados deixam de ser vistos apenas como registros administrativos soltos.
ESTUDANTE	[curious] E passam a ser infraestrutura para planejamento, vigilância e avaliação.
APRESENTADORA	[calm] Exatamente. Só que essa infraestrutura ainda estava sendo construída em pedaços.
ESTUDANTE	[engaged] Depois vem 1988, com a Constituição.
APRESENTADORA	[thoughtful] Esse é um marco decisivo. A Constituição Federal abre caminho para o SUS. Em 1990, com a regulamentação do SUS, muda o arranjo institucional da saúde pública brasileira.
ESTUDANTE	[curious] E a descentralização muda também a produção dos dados?
APRESENTADORA	[warmly] Muda muito. Municípios e estados passam a ter papel central em registrar eventos, alimentar sistemas, qualificar informações, acompanhar indicadores e usar dados no planejamento.
ESTUDANTE	[engaged] Isso aumenta a capilaridade.
APRESENTADORA	[calm] Sim, mas também aumenta a dependência da capacidade local. A qualidade da informação passa a depender de milhares de unidades notificadoras, secretarias municipais e secretarias estaduais.
ESTUDANTE	[curious] Então infraestrutura, equipe, rotina de trabalho e prioridade política aparecem dentro do dado.
APRESENTADORA	[warmly] Exatamente. O dado não é produzido no vazio. Ele carrega as condições institucionais de quem registra, revisa e transmite.
ESTUDANTE	[engaged] O capítulo lista marcos de vários sistemas. Dá para caminhar por eles sem virar uma lista seca?
APRESENTADORA	[calm] Vamos tentar. Pense nos sistemas como respostas a perguntas que foram ganhando importância. Para óbitos, o SIM. Para vacinação, PNI e depois SI-PNI. Para internações no SUS, SIH. Para nascidos vivos, SINASC. Para produção ambulatorial, SIA. Para agravos de notificação, SINAN.
ESTUDANTE	[engaged] E depois aparecem SISAGUA, CNES, SIOPS, SISAB e SISAPS.
APRESENTADORA	[warmly] Isso. Qualidade da água, cadastro de estabelecimentos, financiamento público, atenção primária. O conjunto cresce porque as perguntas de gestão, vigilância e cuidado também crescem.
ESTUDANTE	[curious] Mas o ano de criação não conta a história inteira.
APRESENTADORA	[thoughtful] Não conta. Muitos sistemas mudaram escopo, formulário, layout de arquivo, regra de consistência e forma de disseminação. A data é ponto de referência, não ponto final.
ESTUDANTE	[engaged] Um tema importante é a diferença entre finalidade administrativa e uso epidemiológico.
APRESENTADORA	[warmly] Sim. Alguns sistemas já nascem muito ligados à vigilância e às estatísticas vitais, como SIM, SINASC e SINAN. Outros têm origem administrativa, financeira ou operacional, como SIH, SIA e SIOPS.
ESTUDANTE	[curious] Mas hoje SIH e SIA são muito usados em pesquisa.
APRESENTADORA	[calm] E devem ser, quando a pergunta é adequada. O SIH pode ajudar a estudar morbidade hospitalar, acesso, deslocamentos de pacientes e uso da rede. O SIA ajuda a analisar procedimentos, exames, terapias e ações ambulatoriais.
ESTUDANTE	[engaged] Só que a origem administrativa continua importando.
APRESENTADORA	[thoughtful] Exatamente. A finalidade original influencia variáveis, cobertura, periodicidade, mecanismos de crítica e incentivos de preenchimento. A base pode ser muito útil, mas precisa ser lida pelo que ela é.
ESTUDANTE	[curious] E a tecnologia? O capítulo fala da passagem do papel para sistemas digitais.
APRESENTADORA	[calm] Durante muito tempo, os dados dependiam de formulários em papel, digitação local, envio de arquivos em mídia física ou transferência periódica. Entre o evento acontecer e a informação aparecer nacionalmente, havia várias etapas.
ESTUDANTE	[engaged] Então o tempo do dado era mais lento.
APRESENTADORA	[warmly] Sim. A informatização acelera a circulação, cria críticas automáticas, melhora transmissão e facilita consolidação. Mas não elimina os problemas de qualidade.
ESTUDANTE	[curious] Ela muda a forma como os problemas aparecem.
APRESENTADORA	[calm] Exatamente. Continuam existindo erros de codificação, duplicidades, campos incompletos, inconsistências entre sistemas e mudanças de layout. Digital não significa perfeito.
ESTUDANTE	[engaged] E dados mais rápidos podem ser mais preliminares.
APRESENTADORA	[thoughtful] Isso é uma tensão permanente: oportunidade e revisão. Para resposta rápida, dados preliminares podem ser essenciais. Para séries históricas e indicadores oficiais, bases consolidadas costumam ser mais adequadas.
ESTUDANTE	[curious] Onde entra o DataSUS nessa história?
APRESENTADORA	[warmly] O DataSUS é criado em 1991, com o estabelecimento do SUS, inicialmente vinculado à FUNASA. Ele incorporou profissionais e experiências de áreas como o DATAPREV e passou a estruturar a informática em saúde no país.
ESTUDANTE	[engaged] Mas ele não nasceu exatamente dentro da administração direta do Ministério da Saúde.
APRESENTADORA	[calm] Isso. A localização institucional inicial trazia desafios de coordenação. Depois houve um processo de transferência, efetivado em 2002, quando o DataSUS passou a integrar diretamente a estrutura do Ministério da Saúde.
ESTUDANTE	[curious] E qual foi o papel dele?
APRESENTADORA	[calm] Manter e desenvolver sistemas de informação, incorporar tecnologias de informática, definir normas e padrões de transmissão, integrar bases nacionais e manter o acervo nacional de dados em saúde.
ESTUDANTE	[engaged] Então o DataSUS vira uma espécie de infraestrutura comum dos SIS brasileiros.
APRESENTADORA	[warmly] Sim. Ele ajuda a consolidar bases nacionais, padronizar fluxos, ampliar a disseminação pública e apoiar gestores, pesquisadores, profissionais e sociedade.
ESTUDANTE	[curious] A disseminação pública dos dados é uma característica forte da experiência brasileira, não é?
APRESENTADORA	[thoughtful] Muito forte. Tabuladores, arquivos, microdados e bases agregadas permitiram que muita gente usasse informações do SUS para gestão, pesquisa, ensino, controle social e jornalismo de dados.
ESTUDANTE	[engaged] Isso democratiza o uso, mas também aumenta a responsabilidade.
APRESENTADORA	[calm] Perfeito. Acesso público não dispensa documentação. É preciso olhar versão, data de extração, mudança de layout, atualização retroativa e diferença entre dado preliminar e consolidado.
ESTUDANTE	[curious] Depois vem a discussão de integração e interoperabilidade.
APRESENTADORA	[calm] Sim. Como os sistemas cresceram por áreas específicas, eles resolveram muitos problemas, mas também produziram fragmentação. Uma pessoa, um estabelecimento ou um evento de cuidado pode aparecer em várias bases.
ESTUDANTE	[engaged] Com identificadores, regras e periodicidades diferentes.
APRESENTADORA	[warmly] Exatamente. Por isso iniciativas como a RNDS e o Conecte SUS ganham importância. Elas apontam para uma tentativa de conectar informações produzidas em diferentes pontos da rede.
ESTUDANTE	[curious] Mas interoperabilidade não é só plugar sistema em sistema.
APRESENTADORA	[thoughtful] Não. Envolve padrão técnico, governança, segurança da informação, proteção de dados pessoais, transparência e capacidade real de uso pelas equipes de saúde.
ESTUDANTE	[engaged] Se a equipe não consegue usar a informação, a integração fica pela metade.
APRESENTADORA	[warmly] Exatamente. Integração boa não é só circulação de dados. É informação útil no cuidado, na gestão, na vigilância e na avaliação.
ESTUDANTE	[curious] O capítulo também chama atenção para qualidade e desigualdades.
APRESENTADORA	[calm] Sim. A trajetória brasileira mostra avanços enormes em cobertura e disseminação, mas problemas como subregistro, atraso, incompletude, inconsistência, duplicidade e mudança de critérios continuam existindo.
ESTUDANTE	[engaged] E eles não se distribuem igualmente.
APRESENTADORA	[thoughtful] Não. Municípios, regiões e serviços com menor infraestrutura tendem a enfrentar mais dificuldades para registrar e transmitir dados de forma oportuna. Campos como raça ou cor, escolaridade, ocupação e território podem ter preenchimento desigual.
ESTUDANTE	[curious] Então desigualdade social e desigualdade informacional se encontram.
APRESENTADORA	[warmly] Sim. E isso é crucial. Se a qualidade de uma variável é pior justamente onde a vulnerabilidade é maior, a análise pode subestimar desigualdades.
ESTUDANTE	[engaged] Sistemas recentes também têm desafios próprios, como registros individualizados e integração entre fontes.
APRESENTADORA	[calm] Exato. No SI-PNI, por exemplo, perdas de registro e diferenças entre fontes podem afetar estimativas de cobertura vacinal. No SISAGUA, a completude dos campos é central para qualificar a vigilância da água.
ESTUDANTE	[curious] Então a história dos SIS não é uma sequência otimista de progresso linear.
APRESENTADORA	[thoughtful] Não. É uma história de avanços reais, mas também de camadas, disputas, desigualdades, limitações e adaptações.
ESTUDANTE	[engaged] Isso muda a forma de olhar para uma base. Ela não é só um arquivo.
APRESENTADORA	[warmly] Exatamente. Ela é o resultado de relações institucionais, tecnologias disponíveis, regras administrativas, prioridades sanitárias e capacidades locais.
ESTUDANTE	[curious] Se eu tivesse que levar uma pergunta deste episódio, qual seria?
APRESENTADORA	[calm] Eu levaria esta: que história tornou este dado possível? Antes de calcular um indicador, vale perguntar quem registrou, com que instrumento, para qual finalidade, em que fluxo e com quais limitações.
ESTUDANTE	[engaged] Então conhecer o histórico não é só cultura geral. É método.
APRESENTADORA	[warmly] É método. A história ajuda a escolher fontes, desconfiar de comparações fáceis, entender quebras de série e interpretar lacunas. No fim, usar bem os SIS brasileiros exige olhar para os dados como produtos de uma trajetória.
ESTUDANTE	[engaged] E essa trajetória explica por que o sistema parece, ao mesmo tempo, potente e fragmentado.
APRESENTADORA	[thoughtful] Exatamente. Potente porque reúne uma quantidade enorme de informações públicas. Fragmentado porque nasceu de necessidades diferentes, em tempos diferentes. O trabalho analítico começa quando a gente reconhece as duas coisas.
ESTUDANTE	[surprised] Gostei. A história deixa de ser pano de fundo e vira parte da análise.
APRESENTADORA	[warmly] Essa é a mensagem. No próximo capítulo, essa leitura histórica ajuda a organizar melhor os SIS: não como uma sopa de siglas, mas como sistemas com eventos, finalidades, coberturas e unidades de análise próprias.
